-- --------------------------------------------------------
-- Host:                         127.0.0.1
-- Versión del servidor:         10.1.13-MariaDB - mariadb.org binary distribution
-- SO del servidor:              Win32
-- HeidiSQL Versión:             9.3.0.4984
-- --------------------------------------------------------

/*!40101 SET @OLD_CHARACTER_SET_CLIENT=@@CHARACTER_SET_CLIENT */;
/*!40101 SET NAMES utf8mb4 */;
/*!40014 SET @OLD_FOREIGN_KEY_CHECKS=@@FOREIGN_KEY_CHECKS, FOREIGN_KEY_CHECKS=0 */;
/*!40101 SET @OLD_SQL_MODE=@@SQL_MODE, SQL_MODE='NO_AUTO_VALUE_ON_ZERO' */;

-- Volcando estructura de base de datos para bienestarcun
CREATE DATABASE IF NOT EXISTS `bienestarcun` /*!40100 DEFAULT CHARACTER SET utf8 COLLATE utf8_spanish2_ci */;
USE `bienestarcun`;


-- Volcando estructura para tabla bienestarcun.asistencias
CREATE TABLE IF NOT EXISTS `asistencias` (
  `id` int(11) NOT NULL AUTO_INCREMENT,
  `Presencia` varchar(3) COLLATE utf8_spanish2_ci NOT NULL COMMENT 'ausente, presente, excusado',
  `Fecha` timestamp NOT NULL DEFAULT CURRENT_TIMESTAMP ON UPDATE CURRENT_TIMESTAMP,
  `Usuario` bigint(15) NOT NULL,
  `Itinerario` int(11) NOT NULL,
  PRIMARY KEY (`id`),
  KEY `FK_Asistencias_usuarios` (`Usuario`),
  KEY `FK_Asistencias_itinerarios` (`Itinerario`),
  CONSTRAINT `FK_Asistencias_itinerarios` FOREIGN KEY (`Itinerario`) REFERENCES `itinerarios` (`id`) ON UPDATE CASCADE,
  CONSTRAINT `FK_Asistencias_usuarios` FOREIGN KEY (`Usuario`) REFERENCES `usuarios` (`id`) ON UPDATE CASCADE
) ENGINE=InnoDB AUTO_INCREMENT=9 DEFAULT CHARSET=utf8 COLLATE=utf8_spanish2_ci COMMENT='Aqui se almacenara el listado de las asistencias o inasistencia de los estudiantes a los itinerarios';

-- Volcando datos para la tabla bienestarcun.asistencias: ~2 rows (aproximadamente)
/*!40000 ALTER TABLE `asistencias` DISABLE KEYS */;
INSERT INTO `asistencias` (`id`, `Presencia`, `Fecha`, `Usuario`, `Itinerario`) VALUES
	(7, '111', '2015-12-07 10:41:15', 1104379, 10),
	(8, '111', '2015-12-07 10:41:15', 8, 10);
/*!40000 ALTER TABLE `asistencias` ENABLE KEYS */;


-- Volcando estructura para tabla bienestarcun.auditoria
CREATE TABLE IF NOT EXISTS `auditoria` (
  `Id` int(11) NOT NULL,
  `Tabla` varchar(20) COLLATE utf8_spanish2_ci NOT NULL,
  `Accion` varchar(200) COLLATE utf8_spanish2_ci NOT NULL,
  `Fecha` timestamp NOT NULL DEFAULT CURRENT_TIMESTAMP,
  `User` bigint(15) NOT NULL,
  PRIMARY KEY (`Id`),
  KEY `FK_Auditoria_usuarios` (`User`),
  CONSTRAINT `FK_Auditoria_usuarios` FOREIGN KEY (`User`) REFERENCES `usuarios` (`id`) ON UPDATE CASCADE
) ENGINE=InnoDB DEFAULT CHARSET=utf8 COLLATE=utf8_spanish2_ci COMMENT='Aqui se almacenaran todos los movimientos realizados en la base de datos y el usuario que lo realizo';

-- Volcando datos para la tabla bienestarcun.auditoria: ~0 rows (aproximadamente)
/*!40000 ALTER TABLE `auditoria` DISABLE KEYS */;
/*!40000 ALTER TABLE `auditoria` ENABLE KEYS */;


-- Volcando estructura para tabla bienestarcun.chatpsicologia
CREATE TABLE IF NOT EXISTS `chatpsicologia` (
  `Id` int(11) NOT NULL AUTO_INCREMENT,
  `Mensaje` varchar(100) COLLATE utf8_spanish2_ci NOT NULL,
  `Fecha` timestamp NOT NULL DEFAULT CURRENT_TIMESTAMP,
  `Estado` tinyint(1) NOT NULL DEFAULT '0' COMMENT 'leido, no leido',
  `Remitente` bigint(15) NOT NULL,
  `Destinatario` bigint(15) DEFAULT NULL,
  PRIMARY KEY (`Id`),
  KEY `FK_chatpsicologia_usuarios` (`Remitente`),
  KEY `FK_chatpsicologia_usuarios_2` (`Destinatario`),
  CONSTRAINT `FK_chatpsicologia_usuarios` FOREIGN KEY (`Remitente`) REFERENCES `usuarios` (`id`) ON UPDATE CASCADE,
  CONSTRAINT `FK_chatpsicologia_usuarios_2` FOREIGN KEY (`Destinatario`) REFERENCES `usuarios` (`id`) ON UPDATE CASCADE
) ENGINE=InnoDB AUTO_INCREMENT=457 DEFAULT CHARSET=utf8 COLLATE=utf8_spanish2_ci COMMENT='Aqui se almacenaran los mensajes dirijidos a la psicologa';

-- Volcando datos para la tabla bienestarcun.chatpsicologia: ~30 rows (aproximadamente)
/*!40000 ALTER TABLE `chatpsicologia` DISABLE KEYS */;
INSERT INTO `chatpsicologia` (`Id`, `Mensaje`, `Fecha`, `Estado`, `Remitente`, `Destinatario`) VALUES
	(427, 'Hola', '2016-07-31 18:11:46', 1, 1104379, 7),
	(428, 'hola', '2016-07-31 18:12:07', 1, 7, 1104379),
	(429, 'M1', '2016-07-31 18:12:19', 1, 1104379, 7),
	(430, 'M2', '2016-07-31 18:12:37', 1, 1104379, 7),
	(431, 'M3', '2016-07-31 18:12:56', 1, 1104379, 7),
	(432, 'm4', '2016-07-31 18:13:30', 1, 7, 1104379),
	(433, 'm5', '2016-07-31 18:13:41', 1, 7, 1104379),
	(434, 'M6', '2016-07-31 18:13:51', 1, 1104379, 7),
	(435, 'm7', '2016-07-31 18:14:19', 1, 7, 1104379),
	(436, 'm8', '2016-07-31 18:16:12', 1, 7, 1104379),
	(437, 'M9', '2016-07-31 18:16:34', 1, 1104379, 7),
	(438, 'm10', '2016-07-31 18:17:01', 1, 7, 1104379),
	(439, 'M11', '2016-07-31 18:19:16', 1, 1104379, 7),
	(440, 'Hola', '2016-07-31 18:42:47', 1, 1104379, 7),
	(441, 'hola', '2016-07-31 18:43:19', 1, 7, 1104379),
	(442, 'm1', '2016-07-31 18:43:46', 1, 7, 1104379),
	(443, 'M2', '2016-07-31 18:44:25', 1, 1104379, 7),
	(444, 'm3', '2016-07-31 18:44:53', 1, 7, 1104379),
	(445, 'hola', '2016-08-30 16:27:02', 1, 1104379, 7),
	(446, 'hola', '2016-08-30 16:28:26', 1, 7, 1104379),
	(447, 'como esta', '2016-08-30 16:28:36', 1, 1104379, 7),
	(448, 'muy bn y tu', '2016-08-30 16:28:44', 1, 7, 1104379),
	(449, 'q mas', '2016-08-30 16:29:08', 1, 7, 1104379),
	(450, 'q mas2', '2016-08-30 16:29:48', 1, 7, 1104379),
	(451, 'q mas3', '2016-08-30 16:31:46', 1, 7, 1104379),
	(452, 'q mas4', '2016-08-30 16:32:23', 1, 7, 1104379),
	(453, 'msm1', '2016-08-30 16:33:37', 1, 1104379, 7),
	(454, 'msm2', '2016-08-30 16:33:49', 1, 7, 1104379),
	(455, 'msm3', '2016-08-30 16:34:07', 1, 1104379, 7),
	(456, 'msm4', '2016-08-30 16:34:29', 1, 1104379, 7);
/*!40000 ALTER TABLE `chatpsicologia` ENABLE KEYS */;


-- Volcando estructura para tabla bienestarcun.circulos
CREATE TABLE IF NOT EXISTS `circulos` (
  `id` int(11) NOT NULL AUTO_INCREMENT,
  `Nombre` varchar(50) COLLATE utf8_spanish2_ci NOT NULL,
  `Descripcion` varchar(300) COLLATE utf8_spanish2_ci NOT NULL,
  `Estado` tinyint(1) NOT NULL DEFAULT '1',
  `Admin` bigint(15) DEFAULT NULL,
  `Sede` int(11) NOT NULL,
  PRIMARY KEY (`id`),
  UNIQUE KEY `Admin` (`Admin`),
  KEY `FK_circulos_usuarios` (`Admin`),
  KEY `FK_circulos_sede` (`Sede`),
  CONSTRAINT `FK_circulos_sede` FOREIGN KEY (`Sede`) REFERENCES `sede` (`id`) ON UPDATE CASCADE,
  CONSTRAINT `FK_circulos_usuarios` FOREIGN KEY (`Admin`) REFERENCES `usuarios` (`id`) ON UPDATE CASCADE
) ENGINE=InnoDB AUTO_INCREMENT=30 DEFAULT CHARSET=utf8 COLLATE=utf8_spanish2_ci COMMENT='Aqui se almacenaran aquellas actividades o eventos que requieran identificar un grupo de usuarios especificos, como las actividades de musica, danza, futbol etc';

-- Volcando datos para la tabla bienestarcun.circulos: ~15 rows (aproximadamente)
/*!40000 ALTER TABLE `circulos` DISABLE KEYS */;
INSERT INTO `circulos` (`id`, `Nombre`, `Descripcion`, `Estado`, `Admin`, `Sede`) VALUES
	(1, 'Musica', 'Actividad de canto, guitarra, bajo', 1, 1104379, 1),
	(2, 'Danza', 'Aprendizaje de bailes folcloricos, modernos, cumbia etc', 1, 3, 1),
	(3, 'Football', 'Deporte de juego de equipo en micro', 1, 41, 1),
	(4, 'Publico', 'Las notificaciones de este circulo estaran abiertas a todos los que tengan la app instalada', 1, NULL, 1),
	(5, 'Psicologa', 'Las notificaciones de este circulo podran ser vistas por usuario de psicologia', 1, NULL, 1),
	(6, 'Egresados', 'Las notificaciones de este circulo podran ser vistas por estudiantes egresados', 1, NULL, 1),
	(7, 'Estudiantes', 'Las notificaciones de este circulo podran ser vistas por estudiantes', 1, NULL, 1),
	(8, 'Docentes', 'Las notificaciones de este circulo podran ser vistas por los docentes', 1, NULL, 1),
	(9, 'Tutores bienestar', 'Las notificaciones de este circulo podran ser vistas por los tutores del area de bienestar', 1, NULL, 1),
	(24, 'Publico', 'circulo publico para la sede 6', 1, NULL, 6),
	(25, 'Psicologa', 'circulo Psicologa para la sede 6', 1, NULL, 6),
	(26, 'Egresados', 'circulo Egresados para la sede 6', 1, NULL, 6),
	(27, 'Estudiantes', 'circulo Estudiantes para la sede 6', 1, NULL, 6),
	(28, 'Docentes', 'circulo Docentes para la sede 6', 1, NULL, 6),
	(29, 'Tutores bienestar', 'circulo Tutores bienestar para la sede 6', 1, NULL, 6);
/*!40000 ALTER TABLE `circulos` ENABLE KEYS */;


-- Volcando estructura para procedimiento bienestarcun.CreateFileDefaultProcedure
DELIMITER //
CREATE DEFINER=`root`@`localhost` PROCEDURE `CreateFileDefaultProcedure`(IN `sede` INT(11) )
BEGIN 
	
	INSERT INTO circulos(Nombre, Descripcion, Sede) VALUES( 'Publico', 
															CONCAT('circulo publico para la sede ',sede ),
															sede );

	INSERT INTO circulos(Nombre, Descripcion, Sede) VALUES( 'Psicologa', 
															CONCAT('circulo Psicologa para la sede ',sede ),
															sede );
	
	INSERT INTO circulos(Nombre, Descripcion, Sede) VALUES( 'Egresados', 
															CONCAT('circulo Egresados para la sede ',sede ),
															sede );
	
	INSERT INTO circulos(Nombre, Descripcion, Sede) VALUES( 'Estudiantes', 
															CONCAT('circulo Estudiantes para la sede ',sede ),
															sede );
	
	INSERT INTO circulos(Nombre, Descripcion, Sede) VALUES( 'Docentes', 
															CONCAT('circulo Docentes para la sede ',sede ),
															sede );	

	INSERT INTO circulos(Nombre, Descripcion, Sede) VALUES( 'Tutores bienestar', 
															CONCAT('circulo Tutores bienestar para la sede ',sede ),
															sede );

	/*insertar persona default*/

	INSERT INTO personas VALUES( CAST(CONCAT(sede, '000000000') AS UNSIGNED INTEGER),
	 							'CC',
	 							'default',
	 							'default',
	 							'-',
	 							'-',
	 							'-',
	 							'M',
	 							0,
	 							sede);

	/* insertar usuario default*/

	INSERT INTO usuarios VALUES(CAST(CONCAT(sede, '000000000') AS UNSIGNED INTEGER),
								CONCAT('usuario',sede),
								CONCAT('usuario',sede),
								'1000',
								'1');

END//
DELIMITER ;


-- Volcando estructura para procedimiento bienestarcun.DelUsuarioCircleProcedure
DELIMITER //
CREATE DEFINER=`root`@`localhost` PROCEDURE `DelUsuarioCircleProcedure`(IN `idUsuario` BIGINT(15) )
BEGIN 
	
	DELETE FROM usuariocirculo WHERE Usuario = idUsuario;
END//
DELIMITER ;


-- Volcando estructura para tabla bienestarcun.depuracion
CREATE TABLE IF NOT EXISTS `depuracion` (
  `Id` int(11) NOT NULL AUTO_INCREMENT,
  `Contenido` text COLLATE utf8_spanish2_ci NOT NULL,
  `Fecha` timestamp NOT NULL DEFAULT CURRENT_TIMESTAMP,
  PRIMARY KEY (`Id`)
) ENGINE=InnoDB AUTO_INCREMENT=101 DEFAULT CHARSET=utf8 COLLATE=utf8_spanish2_ci;

-- Volcando datos para la tabla bienestarcun.depuracion: ~67 rows (aproximadamente)
/*!40000 ALTER TABLE `depuracion` DISABLE KEYS */;
INSERT INTO `depuracion` (`Id`, `Contenido`, `Fecha`) VALUES
	(96, 'Error desde php #!# Error: json_decode() expects parameter 1 to be string, array given#!#Tipo: 2#!#Archivo: C:xampphtdocsBienestarCuncoreandroiduserlogin.php#!#linea: 32#!#', '2016-09-28 16:28:33'),
	(97, 'Error desde php #!# Error: Array to string conversion#!#Tipo: 8#!#Archivo: C:xampphtdocsBienestarCuncoreandroiduserlogin.php#!#linea: 34#!#', '2016-09-28 16:33:31'),
	(98, 'Error desde php #!# Error: Array to string conversion#!#Tipo: 8#!#Archivo: C:xampphtdocsBienestarCuncoreandroiduserlogin.php#!#linea: 34#!#', '2016-09-28 16:34:18'),
	(99, 'Error desde php #!# Error: Array to string conversion#!#Tipo: 8#!#Archivo: C:xampphtdocsBienestarCuncoreandroiduserlogin.php#!#linea: 34#!#', '2016-09-28 16:34:50'),
	(100, 'Error desde php #!# Error: Array to string conversion#!#Tipo: 8#!#Archivo: C:xampphtdocsBienestarCuncoreandroiduserlogin.php#!#linea: 34#!#', '2016-09-28 16:39:08');
/*!40000 ALTER TABLE `depuracion` ENABLE KEYS */;


-- Volcando estructura para tabla bienestarcun.desercion
CREATE TABLE IF NOT EXISTS `desercion` (
  `id` int(11) NOT NULL AUTO_INCREMENT,
  `Descripcion` varchar(200) COLLATE utf8_spanish2_ci NOT NULL,
  `Jornada` enum('Diurno','Nocturno') COLLATE utf8_spanish2_ci NOT NULL,
  `Fecha` timestamp NOT NULL DEFAULT CURRENT_TIMESTAMP,
  `Estado` tinyint(1) NOT NULL DEFAULT '0',
  `Desertor` bigint(15) NOT NULL,
  `Usuario` bigint(15) NOT NULL,
  PRIMARY KEY (`id`),
  KEY `FK_Desercion_personas` (`Desertor`),
  KEY `FK_Desercion_usuarios` (`Usuario`),
  CONSTRAINT `FK_Desercion_personas` FOREIGN KEY (`Desertor`) REFERENCES `personas` (`Identificacion`) ON UPDATE CASCADE,
  CONSTRAINT `FK_Desercion_usuarios` FOREIGN KEY (`Usuario`) REFERENCES `usuarios` (`id`) ON UPDATE CASCADE
) ENGINE=InnoDB AUTO_INCREMENT=12 DEFAULT CHARSET=utf8 COLLATE=utf8_spanish2_ci COMMENT='Aqui se almacenaran los registros hechos por los docente por estudiantes en ausencia prolongada con posible desercion';

-- Volcando datos para la tabla bienestarcun.desercion: ~0 rows (aproximadamente)
/*!40000 ALTER TABLE `desercion` DISABLE KEYS */;
INSERT INTO `desercion` (`id`, `Descripcion`, `Jornada`, `Fecha`, `Estado`, `Desertor`, `Usuario`) VALUES
	(9, 'Estudiante no se ha presentado en las ultimas dos semanas y ninguno de sus companeros sabe de el.', 'Nocturno', '2016-08-14 18:15:20', 0, 1104379, 1104379),
	(10, 'Dos semanas sin asistir a clases', 'Nocturno', '2016-08-30 16:13:56', 0, 5, 1104379),
	(11, 'tres dias sin asistir', 'Nocturno', '2016-09-24 23:04:55', 0, 5, 1104379);
/*!40000 ALTER TABLE `desercion` ENABLE KEYS */;


-- Volcando estructura para tabla bienestarcun.evidencias
CREATE TABLE IF NOT EXISTS `evidencias` (
  `Id` int(11) NOT NULL AUTO_INCREMENT,
  `Nombre` varchar(100) COLLATE utf8_spanish2_ci NOT NULL,
  `NombreArchivo` varchar(100) COLLATE utf8_spanish2_ci NOT NULL,
  `Ruta` varchar(200) COLLATE utf8_spanish2_ci NOT NULL,
  `Itinerario` int(11) NOT NULL,
  PRIMARY KEY (`Id`),
  KEY `FK_Evidencias_itinerarios` (`Itinerario`),
  CONSTRAINT `FK_Evidencias_itinerarios` FOREIGN KEY (`Itinerario`) REFERENCES `itinerarios` (`id`) ON UPDATE CASCADE
) ENGINE=InnoDB AUTO_INCREMENT=2 DEFAULT CHARSET=utf8 COLLATE=utf8_spanish2_ci COMMENT='Aqui se almacenaran la informacion de los archivos subidos por los administradores de los circulos, ubicacion, nombre del archivo etc.';

-- Volcando datos para la tabla bienestarcun.evidencias: ~0 rows (aproximadamente)
/*!40000 ALTER TABLE `evidencias` DISABLE KEYS */;
INSERT INTO `evidencias` (`Id`, `Nombre`, `NombreArchivo`, `Ruta`, `Itinerario`) VALUES
	(1, 'imagenEvidencia', '/Evidencia#!#14#!#20160830_171147.jpg', '/evidencias', 14);
/*!40000 ALTER TABLE `evidencias` ENABLE KEYS */;


-- Volcando estructura para tabla bienestarcun.facultad
CREATE TABLE IF NOT EXISTS `facultad` (
  `id` int(11) NOT NULL AUTO_INCREMENT,
  `Facultad` varchar(100) COLLATE utf8_spanish2_ci NOT NULL,
  `Estado` tinyint(1) NOT NULL DEFAULT '1',
  PRIMARY KEY (`id`)
) ENGINE=InnoDB AUTO_INCREMENT=2 DEFAULT CHARSET=utf8 COLLATE=utf8_spanish2_ci COMMENT='Aqui se registraran las facultades a las q pertenecen los estudiantes';

-- Volcando datos para la tabla bienestarcun.facultad: ~0 rows (aproximadamente)
/*!40000 ALTER TABLE `facultad` DISABLE KEYS */;
INSERT INTO `facultad` (`id`, `Facultad`, `Estado`) VALUES
	(1, 'Ingenieria', 1);
/*!40000 ALTER TABLE `facultad` ENABLE KEYS */;


-- Volcando estructura para tabla bienestarcun.facultadusuario
CREATE TABLE IF NOT EXISTS `facultadusuario` (
  `Id` int(11) NOT NULL AUTO_INCREMENT,
  `Usuario` bigint(15) NOT NULL,
  `Facultad` int(11) NOT NULL,
  PRIMARY KEY (`Id`),
  KEY `FK__usuarios` (`Usuario`),
  KEY `FK_facultadusuario_facultad` (`Facultad`),
  CONSTRAINT `FK__usuarios` FOREIGN KEY (`Usuario`) REFERENCES `usuarios` (`id`) ON UPDATE CASCADE,
  CONSTRAINT `FK_facultadusuario_facultad` FOREIGN KEY (`Facultad`) REFERENCES `facultad` (`id`) ON UPDATE CASCADE
) ENGINE=InnoDB AUTO_INCREMENT=8 DEFAULT CHARSET=utf8 COLLATE=utf8_spanish2_ci COMMENT='Aqui se relacionan los usuarios con la facultades a la que pertenecen';

-- Volcando datos para la tabla bienestarcun.facultadusuario: ~2 rows (aproximadamente)
/*!40000 ALTER TABLE `facultadusuario` DISABLE KEYS */;
INSERT INTO `facultadusuario` (`Id`, `Usuario`, `Facultad`) VALUES
	(4, 5, 1),
	(5, 6, 1),
	(7, 1234, 1);
/*!40000 ALTER TABLE `facultadusuario` ENABLE KEYS */;


-- Volcando estructura para tabla bienestarcun.historiallaboral
CREATE TABLE IF NOT EXISTS `historiallaboral` (
  `Id` int(11) NOT NULL AUTO_INCREMENT,
  `Empresa` varchar(50) COLLATE utf8_spanish2_ci NOT NULL,
  `Cargo` varchar(50) COLLATE utf8_spanish2_ci NOT NULL,
  `FechaInicio` date NOT NULL,
  `FechaFin` date DEFAULT NULL,
  `LaboralEgresado` bigint(15) NOT NULL,
  PRIMARY KEY (`Id`),
  KEY `FK_historiallaboral_laboralegresado` (`LaboralEgresado`),
  CONSTRAINT `FK_historiallaboral_laboralegresado` FOREIGN KEY (`LaboralEgresado`) REFERENCES `laboralegresado` (`Id`) ON UPDATE CASCADE
) ENGINE=InnoDB AUTO_INCREMENT=7 DEFAULT CHARSET=utf8 COLLATE=utf8_spanish2_ci COMMENT='Aqui se va almacenando los historiales laborales de los egresados, empleos que ha tenido, lugar donde labora actualmente etc.';

-- Volcando datos para la tabla bienestarcun.historiallaboral: ~4 rows (aproximadamente)
/*!40000 ALTER TABLE `historiallaboral` DISABLE KEYS */;
INSERT INTO `historiallaboral` (`Id`, `Empresa`, `Cargo`, `FechaInicio`, `FechaFin`, `LaboralEgresado`) VALUES
	(2, 'parque', 'programador', '2014-12-02', '2015-11-02', 1104379),
	(3, 'ott', 'auxiliar sistemas', '2014-09-03', '2015-12-02', 1104379),
	(4, 'ff ffff', 'sfdfdf dfsdfsdf', '2013-12-03', '2014-12-03', 1104379),
	(6, 'aikon', 'desarrollador', '2015-07-19', NULL, 1104379);
/*!40000 ALTER TABLE `historiallaboral` ENABLE KEYS */;


-- Volcando estructura para tabla bienestarcun.itinerarios
CREATE TABLE IF NOT EXISTS `itinerarios` (
  `id` int(11) NOT NULL AUTO_INCREMENT,
  `Actividad` varchar(20) COLLATE utf8_spanish2_ci NOT NULL,
  `Detalle` varchar(100) COLLATE utf8_spanish2_ci NOT NULL,
  `Fecha` datetime NOT NULL,
  `Ciclo` int(10) NOT NULL COMMENT 'campo aumentado cada 6 meses para distinguir los semestres',
  `Estado` varchar(3) COLLATE utf8_spanish2_ci NOT NULL DEFAULT '111' COMMENT 'cumplido, cancelado, aplazado etc',
  `Circulo` int(11) NOT NULL,
  PRIMARY KEY (`id`),
  KEY `FK_itinerarios_circulos` (`Circulo`),
  CONSTRAINT `FK_itinerarios_circulos` FOREIGN KEY (`Circulo`) REFERENCES `circulos` (`id`) ON UPDATE CASCADE
) ENGINE=InnoDB AUTO_INCREMENT=16 DEFAULT CHARSET=utf8 COLLATE=utf8_spanish2_ci COMMENT='Aqui se almacenaran el itinerario de cada uno de los circulos, como las clases que se llevaran a cabo.';

-- Volcando datos para la tabla bienestarcun.itinerarios: ~14 rows (aproximadamente)
/*!40000 ALTER TABLE `itinerarios` DISABLE KEYS */;
INSERT INTO `itinerarios` (`id`, `Actividad`, `Detalle`, `Fecha`, `Ciclo`, `Estado`, `Circulo`) VALUES
	(1, 'Reunion', 'Se realizara reúnion mañana de los integrantes', '2015-12-04 00:00:00', 1, '111', 1),
	(2, 'reunion el martes', 'sdsd dsdad asda dasd', '0000-00-00 00:00:00', 0, '000', 1),
	(3, 'reunion el martes', 'sdsd dsdad asda dasd', '2015-12-03 16:35:00', 0, '111', 1),
	(4, 'reunion el martes', 'sdsd dsdad asda dasd', '2015-12-03 16:35:00', 0, '111', 1),
	(5, 'reunion el viernes', 'aaaaa aaaaa aaaa aaa', '2015-11-04 10:20:00', 0, '111', 1),
	(6, 'fffff', 'fff fffffff ffff', '2015-11-04 10:24:00', 0, '111', 1),
	(7, 'yyyyy ', 'yyyyyy yyyy yyyy', '2015-12-04 10:26:00', 0, '111', 1),
	(8, 'aaaaaaa', 'yyyyyy', '2015-12-04 00:00:00', 1, '111', 1),
	(9, 'Uuuuu', 'Jjjjj', '2015-12-05 08:50:00', 0, '111', 1),
	(10, 'reunion', 'reunion de musica', '2015-12-13 09:37:00', 0, '111', 1),
	(11, 'fffffhhhhhhh', 'hhhhhhh', '2015-12-31 00:00:00', 0, '111', 8),
	(12, 'jjjjjkkkk', 'kkkkkkkk', '2015-12-31 00:00:00', 0, '111', 5),
	(13, 'oooolllll', 'lllllll', '2015-12-31 00:00:00', 0, '111', 4),
	(14, 'Itinerario de ejempl', 'Nuevo itinerario de ejemplo mus?ca ', '2017-07-06 17:30:00', 0, '111', 1),
	(15, 'Presentacion', 'presentacion grupo musica', '2016-12-25 17:41:51', 1, '111', 4);
/*!40000 ALTER TABLE `itinerarios` ENABLE KEYS */;


-- Volcando estructura para tabla bienestarcun.laboralegresado
CREATE TABLE IF NOT EXISTS `laboralegresado` (
  `Id` bigint(15) NOT NULL,
  `Laborando` tinyint(1) NOT NULL DEFAULT '0',
  PRIMARY KEY (`Id`),
  CONSTRAINT `FK_laboralegresado_usuarios` FOREIGN KEY (`Id`) REFERENCES `usuarios` (`id`) ON UPDATE CASCADE
) ENGINE=InnoDB DEFAULT CHARSET=utf8 COLLATE=utf8_spanish2_ci COMMENT='Aqui se almacenara el estado laboral del egresado, ademas esta tabla sera la relacion entre el usuario y el historial laboral de los egresados';

-- Volcando datos para la tabla bienestarcun.laboralegresado: ~0 rows (aproximadamente)
/*!40000 ALTER TABLE `laboralegresado` DISABLE KEYS */;
INSERT INTO `laboralegresado` (`Id`, `Laborando`) VALUES
	(1104379, 1);
/*!40000 ALTER TABLE `laboralegresado` ENABLE KEYS */;


-- Volcando estructura para tabla bienestarcun.logs
CREATE TABLE IF NOT EXISTS `logs` (
  `Id` int(11) NOT NULL AUTO_INCREMENT,
  `Fecha` timestamp NOT NULL DEFAULT CURRENT_TIMESTAMP,
  `Usuario` bigint(15) NOT NULL,
  `Token` varchar(100) COLLATE utf8_spanish2_ci NOT NULL,
  `Estado` tinyint(1) NOT NULL DEFAULT '1',
  PRIMARY KEY (`Id`),
  UNIQUE KEY `Token` (`Token`),
  KEY `FK_Logs_usuarios` (`Usuario`),
  CONSTRAINT `FK_Logs_usuarios` FOREIGN KEY (`Usuario`) REFERENCES `usuarios` (`id`) ON UPDATE CASCADE
) ENGINE=InnoDB AUTO_INCREMENT=133 DEFAULT CHARSET=utf8 COLLATE=utf8_spanish2_ci COMMENT='Aqui se almacena el historial de logs por los usuarios';

-- Volcando datos para la tabla bienestarcun.logs: ~38 rows (aproximadamente)
/*!40000 ALTER TABLE `logs` DISABLE KEYS */;
INSERT INTO `logs` (`Id`, `Fecha`, `Usuario`, `Token`, `Estado`) VALUES
	(126, '2016-09-28 15:47:43', 1104379, '350d96b9837462d74616ec6d2f0a9ca6ba31417e', 0),
	(127, '2016-09-28 15:48:24', 1104379, '4daadc3c49013ab025e6fa52aa44d2dc478ba41e', 0),
	(128, '2016-09-28 15:56:42', 1104379, '0df8e196264ccd3e8aedd5196195581b61bd2c18', 0),
	(129, '2016-09-28 16:42:37', 1104379, 'fec00dd6c7e4e32fd20abf6f19e74fb86e4eb472', 0),
	(130, '2016-09-28 16:43:47', 1104379, '7da2105d2d54216455e3db8df7e9b20cc64beca8', 0),
	(131, '2016-09-28 17:05:44', 6, '45af914d9a29e6ffbe191b70948ab74ba04ccc5e', 0),
	(132, '2016-09-28 17:38:13', 62, '2f3018762cd0697a8cce2fc5965fcae605c8657f', 1);
/*!40000 ALTER TABLE `logs` ENABLE KEYS */;


-- Volcando estructura para tabla bienestarcun.logsfails
CREATE TABLE IF NOT EXISTS `logsfails` (
  `Id` int(11) NOT NULL AUTO_INCREMENT,
  `User` varchar(20) COLLATE utf8_spanish2_ci NOT NULL,
  `Password` varchar(20) COLLATE utf8_spanish2_ci NOT NULL,
  `Fecha` timestamp NOT NULL DEFAULT CURRENT_TIMESTAMP,
  `Usuario` bigint(15) DEFAULT NULL,
  PRIMARY KEY (`Id`),
  KEY `FK_LogsFails_usuarios` (`Usuario`),
  CONSTRAINT `FK_LogsFails_usuarios` FOREIGN KEY (`Usuario`) REFERENCES `usuarios` (`id`) ON UPDATE CASCADE
) ENGINE=InnoDB AUTO_INCREMENT=93 DEFAULT CHARSET=utf8 COLLATE=utf8_spanish2_ci COMMENT='Aqui se almacenaran los intentos fallidos en el proceso de login ';

-- Volcando datos para la tabla bienestarcun.logsfails: ~11 rows (aproximadamente)
/*!40000 ALTER TABLE `logsfails` DISABLE KEYS */;
INSERT INTO `logsfails` (`Id`, `User`, `Password`, `Fecha`, `Usuario`) VALUES
	(91, 'sadmin', 'dfdf', '2016-09-28 16:43:26', 1104379),
	(92, 'sadminsssss', 'dfdf', '2016-09-28 16:43:37', NULL);
/*!40000 ALTER TABLE `logsfails` ENABLE KEYS */;


-- Volcando estructura para tabla bienestarcun.notificaciones
CREATE TABLE IF NOT EXISTS `notificaciones` (
  `id` int(11) NOT NULL AUTO_INCREMENT,
  `Notificacion` varchar(100) COLLATE utf8_spanish2_ci NOT NULL,
  `Fecha` datetime NOT NULL,
  `Estado` varchar(3) COLLATE utf8_spanish2_ci NOT NULL,
  `Circulo` int(11) NOT NULL,
  PRIMARY KEY (`id`),
  KEY `FK_notificaciones_circulos` (`Circulo`),
  CONSTRAINT `FK_notificaciones_circulos` FOREIGN KEY (`Circulo`) REFERENCES `circulos` (`id`) ON UPDATE CASCADE
) ENGINE=InnoDB AUTO_INCREMENT=17 DEFAULT CHARSET=utf8 COLLATE=utf8_spanish2_ci COMMENT='Mensajes creados por el o los administradores del circulo, para los usuarios inscritos al circulo';

-- Volcando datos para la tabla bienestarcun.notificaciones: ~12 rows (aproximadamente)
/*!40000 ALTER TABLE `notificaciones` DISABLE KEYS */;
INSERT INTO `notificaciones` (`id`, `Notificacion`, `Fecha`, `Estado`, `Circulo`) VALUES
	(1, 'Reunion el viernes por la tarde para evento', '2015-11-27 00:00:00', '111', 1),
	(2, 'nueva reunion el sabado', '2015-11-28 00:00:00', '110', 1),
	(3, 'Nueva reunion danza el sabado', '2015-11-28 00:00:00', '111', 1),
	(4, 'se creado una nueva fecha para la reunion', '2015-11-30 00:00:00', '111', 1),
	(5, 'ndfjsfjndssfjsdf sfsdf sdifjisdjfsdf', '2015-11-23 00:00:00', '111', 1),
	(6, 'clase de musica el viernes', '2015-12-04 00:00:00', '111', 1),
	(7, 'aaaaaaa yyyyyy', '2015-12-04 00:00:00', '111', 1),
	(8, 'Uuuuu Jjjjj', '2015-12-05 08:50:00', '111', 1),
	(9, 'reunion reunion de musica', '2015-12-13 09:37:00', '111', 1),
	(10, 'fffffhhhhhhh hhhhhhh', '2015-12-31 00:00:00', '111', 8),
	(11, 'jjjjjkkkk kkkkkkkk', '2015-12-31 00:00:00', '111', 5),
	(12, 'oooolllll lllllll', '2015-12-31 00:00:00', '111', 4),
	(13, 'encuentro de talento', '2016-06-22 16:12:47', '111', 18),
	(14, 'Itinerario de ejempl Nuevo itinerario de ejemplo mus?ca ', '2017-07-06 17:30:00', '111', 1),
	(15, 'Presentacion presentacion grupo musica', '2016-12-25 17:41:51', '111', 4),
	(16, 'Oferta laboral', '2016-09-29 23:05:03', '111', 6);
/*!40000 ALTER TABLE `notificaciones` ENABLE KEYS */;


-- Volcando estructura para tabla bienestarcun.personas
CREATE TABLE IF NOT EXISTS `personas` (
  `Identificacion` bigint(15) NOT NULL COMMENT 'Cedulas',
  `TipoId` varchar(20) COLLATE utf8_spanish2_ci NOT NULL,
  `Nombres` varchar(50) COLLATE utf8_spanish2_ci NOT NULL,
  `Apellidos` varchar(50) COLLATE utf8_spanish2_ci NOT NULL,
  `#Contacto` varchar(10) COLLATE utf8_spanish2_ci NOT NULL COMMENT 'Telefonos, celulares etc',
  `Email` varchar(100) COLLATE utf8_spanish2_ci NOT NULL,
  `Direccion` varchar(100) COLLATE utf8_spanish2_ci NOT NULL,
  `Sexo` enum('M','F') COLLATE utf8_spanish2_ci NOT NULL COMMENT 'M,F',
  `Edad` int(3) NOT NULL,
  `Sede` int(11) NOT NULL,
  PRIMARY KEY (`Identificacion`),
  KEY `FK_personas_sede` (`Sede`),
  CONSTRAINT `FK_personas_sede` FOREIGN KEY (`Sede`) REFERENCES `sede` (`id`) ON UPDATE CASCADE
) ENGINE=InnoDB DEFAULT CHARSET=utf8 COLLATE=utf8_spanish2_ci COMMENT='En esta tabla se almacenaran los datos que poseen cualquier personas';

-- Volcando datos para la tabla bienestarcun.personas: ~13 rows (aproximadamente)
/*!40000 ALTER TABLE `personas` DISABLE KEYS */;
INSERT INTO `personas` (`Identificacion`, `TipoId`, `Nombres`, `Apellidos`, `#Contacto`, `Email`, `Direccion`, `Sexo`, `Edad`, `Sede`) VALUES
	(2, 'cc', 'admin', 'admin', '222', 'adasd', 'sdads', 'M', 12, 1),
	(3, 'CC', 'admin', 'circle', '222', 'dddd', 'dddd', 'M', 23, 1),
	(4, 'cc', 'docente', 'docente', '2233', 'dsd', 'adsasd', 'M', 23, 1),
	(5, 'CC', 'estudiante', 'estudiante', '3424', 'dfsf', 'sfsdf', 'M', 23, 1),
	(6, 'cc', 'egresado', 'egresado', '3243', 'dfsdf', 'fsdfdf', 'M', 25, 1),
	(7, 'cc', 'psicologo', 'psicologo', '4544', 'fdgdfg', 'fgdg', 'M', 23, 1),
	(8, 'cc', 'andrea', 'gomez', '23423', 'dffsdfd', 'sdfsf', 'M', 34, 1),
	(41, 'cc', 'docente2', 'docente2', '3434434', 'sdfdf@dfdf', 'sincelejo', 'M', 35, 1),
	(62, 'cc', 'egresado 2', 'egresado 2', '3243', 'sdsdds@dsds', 'sincelejo', 'M', 25, 1),
	(1234, 'cc', 'pedro', 'perez', '-', '-', '-', 'M', 23, 5),
	(12345, 'CC', 'pedro', 'perez', '28145654', 'ddd@ddd.com', 'sincelejo', 'M', 23, 1),
	(55244, 'CC', 'default', 'default', '-', '-', '-', 'M', 0, 2),
	(1104379, 'CC', 'carlos', 'guzman', '300866', 'ss@dd.com', '20 julio', 'M', 24, 1),
	(1000000000, 'cc', 'default', 'default', '0', '-', '-', 'M', 0, 1),
	(6000000000, 'CC', 'default', 'default', '-', '-', '-', 'M', 0, 6);
/*!40000 ALTER TABLE `personas` ENABLE KEYS */;


-- Volcando estructura para tabla bienestarcun.sede
CREATE TABLE IF NOT EXISTS `sede` (
  `id` int(11) NOT NULL AUTO_INCREMENT,
  `Nombre` varchar(50) COLLATE utf8_spanish2_ci NOT NULL,
  `Departamento` varchar(50) COLLATE utf8_spanish2_ci NOT NULL,
  `Ciudad` varchar(50) COLLATE utf8_spanish2_ci NOT NULL,
  `Direccion` varchar(50) COLLATE utf8_spanish2_ci NOT NULL,
  `Telefono` varchar(10) COLLATE utf8_spanish2_ci NOT NULL,
  `Encargado` varchar(1000) COLLATE utf8_spanish2_ci NOT NULL,
  PRIMARY KEY (`id`)
) ENGINE=InnoDB AUTO_INCREMENT=7 DEFAULT CHARSET=utf8 COLLATE=utf8_spanish2_ci COMMENT='Aqui se registran la diferentes sedes de la universidad';

-- Volcando datos para la tabla bienestarcun.sede: ~3 rows (aproximadamente)
/*!40000 ALTER TABLE `sede` DISABLE KEYS */;
INSERT INTO `sede` (`id`, `Nombre`, `Departamento`, `Ciudad`, `Direccion`, `Telefono`, `Encargado`) VALUES
	(1, 'sincelejo', 'Sucre', 'Sincelejo', 'centro', '2811280', 'Maria'),
	(3, 'bogota', 'bogota', 'bogota', 'centro', '280000', 'Pedro'),
	(6, 'monteria', 'cordoba', 'monteria', 'centro', '2820000', 'juan');
/*!40000 ALTER TABLE `sede` ENABLE KEYS */;


-- Volcando estructura para tabla bienestarcun.usuariocirculo
CREATE TABLE IF NOT EXISTS `usuariocirculo` (
  `id` int(11) NOT NULL AUTO_INCREMENT,
  `Usuario` bigint(15) NOT NULL,
  `Circulo` int(11) NOT NULL,
  PRIMARY KEY (`id`),
  KEY `FK_UsuarioCirculo_usuarios` (`Usuario`),
  KEY `FK_usuariocirculo_circulos` (`Circulo`),
  CONSTRAINT `FK_UsuarioCirculo_usuarios` FOREIGN KEY (`Usuario`) REFERENCES `usuarios` (`id`) ON UPDATE CASCADE,
  CONSTRAINT `FK_usuariocirculo_circulos` FOREIGN KEY (`Circulo`) REFERENCES `circulos` (`id`) ON UPDATE CASCADE
) ENGINE=InnoDB AUTO_INCREMENT=45 DEFAULT CHARSET=utf8 COLLATE=utf8_spanish2_ci COMMENT='Aqui se almacenaran las relaciones entre los usuario y los circulos a los que pertenecen';

-- Volcando datos para la tabla bienestarcun.usuariocirculo: ~17 rows (aproximadamente)
/*!40000 ALTER TABLE `usuariocirculo` DISABLE KEYS */;
INSERT INTO `usuariocirculo` (`id`, `Usuario`, `Circulo`) VALUES
	(4, 8, 1),
	(7, 4, 8),
	(10, 1104379, 4),
	(11, 2, 4),
	(12, 3, 4),
	(13, 4, 4),
	(14, 5, 4),
	(15, 6, 4),
	(16, 7, 4),
	(17, 8, 4),
	(20, 1000000000, 4),
	(24, 6000000000, 24),
	(26, 41, 9),
	(27, 41, 4),
	(28, 2, 1),
	(39, 1104379, 1),
	(40, 6, 1),
	(41, 62, 6),
	(42, 62, 4),
	(43, 62, 3),
	(44, 6, 6);
/*!40000 ALTER TABLE `usuariocirculo` ENABLE KEYS */;


-- Volcando estructura para tabla bienestarcun.usuarios
CREATE TABLE IF NOT EXISTS `usuarios` (
  `id` bigint(15) NOT NULL COMMENT 'Campo relacion con el resto de los datos',
  `User` varchar(20) COLLATE utf8_spanish2_ci NOT NULL COMMENT 'nombre de usuario',
  `Password` varchar(20) COLLATE utf8_spanish2_ci NOT NULL COMMENT 'contraseña de acceso',
  `Tipo` varchar(10) COLLATE utf8_spanish2_ci NOT NULL COMMENT 'permisos del usuario',
  `Estado` varchar(10) COLLATE utf8_spanish2_ci NOT NULL COMMENT 'activo, inactivo, bloqueado etc',
  PRIMARY KEY (`id`),
  UNIQUE KEY `User_Password` (`User`,`Password`),
  CONSTRAINT `FK_usuarios_personas` FOREIGN KEY (`id`) REFERENCES `personas` (`Identificacion`) ON UPDATE CASCADE
) ENGINE=InnoDB DEFAULT CHARSET=utf8 COLLATE=utf8_spanish2_ci COMMENT='Aqui se almacenaran aquellas personas que creen un usuario en el sistema, para acceder a funcionalidades espeficificas';

-- Volcando datos para la tabla bienestarcun.usuarios: ~10 rows (aproximadamente)
/*!40000 ALTER TABLE `usuarios` DISABLE KEYS */;
INSERT INTO `usuarios` (`id`, `User`, `Password`, `Tipo`, `Estado`) VALUES
	(2, 'admin', 'admin', '1110', '1'),
	(3, 'circle', 'circle', '1101', '1'),
	(4, 'docente', 'docente', '1100', '1'),
	(5, 'estudiante', 'estudiante', '1011', '1'),
	(6, 'egresado', 'egresado', '1010', '1'),
	(7, 'psicologia', 'psicologia', '1001', '1'),
	(8, '9', '1', '1000', '1'),
	(41, 'docente2', 'docente2', '1101', '1'),
	(62, 'egresado2', 'egresado2', '1010', '1'),
	(1234, 'egresado1', 'egresado', '1010', '1'),
	(1104379, 'sadmin', 'sadmin', '1111', '1'),
	(1000000000, '--', '--', '1000', '1'),
	(6000000000, 'usuario6', 'usuario6', '1000', '1');
/*!40000 ALTER TABLE `usuarios` ENABLE KEYS */;


-- Volcando estructura para procedimiento bienestarcun.VincularUsuarioCircleDefault
DELIMITER //
CREATE DEFINER=`root`@`localhost` PROCEDURE `VincularUsuarioCircleDefault`(IN `tipoUsuario` VARCHAR(10), IN `idUsuario` BIGINT(15) )
BEGIN 
	
	DECLARE idCircle int(11); 
	DECLARE idCirclePublic int(11); 
	DECLARE sedeUser int(11);

	SELECT Sede INTO sedeUser  FROM personas WHERE Identificacion = idUsuario;

	IF tipoUsuario = '1000' THEN    

		SELECT Id INTO idCircle  FROM circulos WHERE Nombre LIKE '%Publico%' AND Sede = sedeUser LIMIT 1 ;
		INSERT INTO usuariocirculo(Usuario, Circulo) VALUES(idUsuario, idCircle);   

	ELSEIF tipoUsuario = '1001' THEN      

		SELECT Id INTO idCircle FROM circulos WHERE Nombre LIKE '%Psicologa%' AND Sede = sedeUser LIMIT 1;
		INSERT INTO usuariocirculo(Usuario, Circulo) VALUES(idUsuario, idCircle);

		SELECT Id INTO idCirclePublic  FROM circulos WHERE Nombre LIKE '%Publico%' AND Sede = sedeUser LIMIT 1 ;
		INSERT INTO usuariocirculo(Usuario, Circulo) VALUES(idUsuario, idCirclePublic);

	ELSEIF tipoUsuario = '1010' THEN    

		SELECT Id INTO idCircle FROM circulos WHERE Nombre LIKE '%Egresados%' AND Sede = sedeUser LIMIT 1;
		INSERT INTO usuariocirculo(Usuario, Circulo) VALUES(idUsuario, idCircle);

		SELECT Id INTO idCirclePublic  FROM circulos WHERE Nombre LIKE '%Publico%' AND Sede = sedeUser LIMIT 1 ;
		INSERT INTO usuariocirculo(Usuario, Circulo) VALUES(idUsuario, idCirclePublic);

	ELSEIF tipoUsuario = '1011' THEN   

		SELECT Id INTO idCircle FROM circulos WHERE Nombre LIKE '%Estudiantes%' AND Sede = sedeUser LIMIT 1;
		INSERT INTO usuariocirculo(Usuario, Circulo) VALUES(idUsuario, idCircle);  

		SELECT Id INTO idCirclePublic  FROM circulos WHERE Nombre LIKE '%Publico%' AND Sede = sedeUser LIMIT 1 ;
		INSERT INTO usuariocirculo(Usuario, Circulo) VALUES(idUsuario, idCirclePublic);  

	ELSEIF tipoUsuario = '1100' THEN     

		SELECT Id INTO idCircle FROM circulos WHERE Nombre LIKE '%Docentes%' AND Sede = sedeUser LIMIT 1;
		INSERT INTO usuariocirculo(Usuario, Circulo) VALUES(idUsuario, idCircle);

		SELECT Id INTO idCirclePublic  FROM circulos WHERE Nombre LIKE '%Publico%' AND Sede = sedeUser LIMIT 1 ;
		INSERT INTO usuariocirculo(Usuario, Circulo) VALUES(idUsuario, idCirclePublic);

	ELSEIF tipoUsuario = '1101' THEN   

		SELECT Id INTO idCircle FROM circulos WHERE Nombre LIKE '%Tutores bienestar%' AND Sede = sedeUser LIMIT 1;
		INSERT INTO usuariocirculo(Usuario, Circulo) VALUES(idUsuario, idCircle);

		SELECT Id INTO idCirclePublic  FROM circulos WHERE Nombre LIKE '%Publico%' AND Sede = sedeUser LIMIT 1 ;
		INSERT INTO usuariocirculo(Usuario, Circulo) VALUES(idUsuario, idCirclePublic);

	END IF;
END//
DELIMITER ;


-- Volcando estructura para disparador bienestarcun.addNewNotificationItinerario
SET @OLDTMP_SQL_MODE=@@SQL_MODE, SQL_MODE='NO_AUTO_VALUE_ON_ZERO';
DELIMITER //
CREATE TRIGGER `addNewNotificationItinerario` AFTER INSERT ON `itinerarios` FOR EACH ROW begin

	INSERT INTO notificaciones(Notificacion,Fecha, Estado, Circulo)
	VALUES(CONCAT(new.Actividad," ",new.Detalle), new.Fecha, "111", new.Circulo );


end//
DELIMITER ;
SET SQL_MODE=@OLDTMP_SQL_MODE;


-- Volcando estructura para disparador bienestarcun.CreateFileDefault
SET @OLDTMP_SQL_MODE=@@SQL_MODE, SQL_MODE='NO_AUTO_VALUE_ON_ZERO';
DELIMITER //
CREATE TRIGGER `CreateFileDefault` AFTER INSERT ON `sede` FOR EACH ROW BEGIN
	call CreateFileDefaultProcedure( new.id );
END//
DELIMITER ;
SET SQL_MODE=@OLDTMP_SQL_MODE;


-- Volcando estructura para disparador bienestarcun.DelUsuarioCircle
SET @OLDTMP_SQL_MODE=@@SQL_MODE, SQL_MODE='NO_AUTO_VALUE_ON_ZERO';
DELIMITER //
CREATE TRIGGER `DelUsuarioCircle` AFTER DELETE ON `usuarios` FOR EACH ROW BEGIN
	call DelUsuarioCircleProcedure( old.id );
END//
DELIMITER ;
SET SQL_MODE=@OLDTMP_SQL_MODE;


-- Volcando estructura para disparador bienestarcun.TriggerVincularUsuarioCircleDefault
SET @OLDTMP_SQL_MODE=@@SQL_MODE, SQL_MODE='NO_AUTO_VALUE_ON_ZERO';
DELIMITER //
CREATE TRIGGER `TriggerVincularUsuarioCircleDefault` AFTER INSERT ON `usuarios` FOR EACH ROW BEGIN
	call VincularUsuarioCircleDefault(new.Tipo, new.Id);
END//
DELIMITER ;
SET SQL_MODE=@OLDTMP_SQL_MODE;
/*!40101 SET SQL_MODE=IFNULL(@OLD_SQL_MODE, '') */;
/*!40014 SET FOREIGN_KEY_CHECKS=IF(@OLD_FOREIGN_KEY_CHECKS IS NULL, 1, @OLD_FOREIGN_KEY_CHECKS) */;
/*!40101 SET CHARACTER_SET_CLIENT=@OLD_CHARACTER_SET_CLIENT */;
